-- CreateEnum
CREATE TYPE "estado_citas" AS ENUM ('PENDIENTE', 'CONFIRMADA', 'CANCELADA');

-- CreateTable
CREATE TABLE "auditoria_citas" (
    "id" SERIAL NOT NULL,
    "id_cita" INTEGER,
    "accion" TEXT,
    "fecha" TIMESTAMP(6) DEFAULT CURRENT_TIMESTAMP,

    CONSTRAINT "auditoria_citas_pkey" PRIMARY KEY ("id")
);

-- CreateTable
CREATE TABLE "auditoria_consultas" (
    "id" SERIAL NOT NULL,
    "id_consulta" INTEGER,
    "accion" TEXT,
    "fecha" TIMESTAMP(6) DEFAULT CURRENT_TIMESTAMP,

    CONSTRAINT "auditoria_consultas_pkey" PRIMARY KEY ("id")
);

-- CreateTable
CREATE TABLE "auditoria_medicos" (
    "id" SERIAL NOT NULL,
    "id_medico" INTEGER,
    "accion" TEXT,
    "fecha" TIMESTAMP(6) DEFAULT CURRENT_TIMESTAMP,

    CONSTRAINT "auditoria_medicos_pkey" PRIMARY KEY ("id")
);

-- CreateTable
CREATE TABLE "auditoria_pacientes" (
    "id" SERIAL NOT NULL,
    "id_paciente" INTEGER,
    "accion" TEXT,
    "fecha" TIMESTAMP(6) DEFAULT CURRENT_TIMESTAMP,

    CONSTRAINT "auditoria_pacientes_pkey" PRIMARY KEY ("id")
);

-- CreateTable
CREATE TABLE "bitacora" (
    "id_bitacora" SERIAL NOT NULL,
    "fecha_hora" TIMESTAMP(6),
    "id_usuario" INTEGER,
    "tabla_afectada" VARCHAR(100),
    "operacion" VARCHAR(100),

    CONSTRAINT "bitacora_pkey" PRIMARY KEY ("id_bitacora")
);

-- CreateTable
CREATE TABLE "citas" (
    "id_cita" SERIAL NOT NULL,
    "id_medico" INTEGER,
    "id_paciente" INTEGER,
    "id_clinica" INTEGER,
    "fecha" TIMESTAMP(6),
    "estado" "estado_citas",

    CONSTRAINT "citas_pkey" PRIMARY KEY ("id_cita")
);

-- CreateTable
CREATE TABLE "clinica" (
    "id_clinica" SERIAL NOT NULL,
    "nombre" VARCHAR(100),
    "direccion" TEXT,

    CONSTRAINT "clinica_pkey" PRIMARY KEY ("id_clinica")
);

-- CreateTable
CREATE TABLE "consultas" (
    "id_consulta" SERIAL NOT NULL,
    "id_cita" INTEGER,
    "diagnostico" TEXT,

    CONSTRAINT "consultas_pkey" PRIMARY KEY ("id_consulta")
);

-- CreateTable
CREATE TABLE "factura_detalle" (
    "id_factura_detalle" SERIAL NOT NULL,
    "id_factura_maestro" INTEGER,
    "descripcion" VARCHAR(255),
    "cantidad" INTEGER,
    "precio_unitario" DECIMAL(10,2),

    CONSTRAINT "factura_detalle_pkey" PRIMARY KEY ("id_factura_detalle")
);

-- CreateTable
CREATE TABLE "factura_maestro" (
    "id_factura_maestro" SERIAL NOT NULL,
    "id_paciente" INTEGER,
    "id_cita" INTEGER,
    "fecha_emision" DATE,
    "total" DECIMAL(10,2),

    CONSTRAINT "factura_maestro_pkey" PRIMARY KEY ("id_factura_maestro")
);

-- CreateTable
CREATE TABLE "medicos" (
    "id_medico" SERIAL NOT NULL,
    "nombre" VARCHAR(100),
    "especialidad" VARCHAR(100),
    "telefono" VARCHAR(100),
    "id_clinica" INTEGER NOT NULL,

    CONSTRAINT "medicos_pkey" PRIMARY KEY ("id_medico")
);

-- CreateTable
CREATE TABLE "pacientes" (
    "id_paciente" SERIAL NOT NULL,
    "nombre" VARCHAR(100),
    "fecha_nacimiento" DATE,
    "direccion" TEXT,
    "telefono" VARCHAR(100),
    "id_clinica" INTEGER NOT NULL,

    CONSTRAINT "pacientes_pkey" PRIMARY KEY ("id_paciente")
);

-- CreateTable
CREATE TABLE "tratamiento_detalle" (
    "id_tratamiento_detalle" SERIAL NOT NULL,
    "id_tratamiento_maestro" INTEGER,
    "medicamento" VARCHAR(100),
    "dosis" VARCHAR(50),
    "frecuencia" VARCHAR(50),

    CONSTRAINT "tratamiento_detalle_pkey" PRIMARY KEY ("id_tratamiento_detalle")
);

-- CreateTable
CREATE TABLE "tratamiento_maestro" (
    "id_tratamiento_maestro" SERIAL NOT NULL,
    "id_consulta" INTEGER,
    "fecha_inicio" DATE,
    "fecha_fin" DATE,

    CONSTRAINT "tratamiento_maestro_pkey" PRIMARY KEY ("id_tratamiento_maestro")
);

-- CreateTable
CREATE TABLE "usuarios" (
    "id_usuarios" SERIAL NOT NULL,
    "nombre_usuario" VARCHAR(100),
    "clave_hash" VARCHAR(255),
    "id_clinica" INTEGER,

    CONSTRAINT "usuarios_pkey" PRIMARY KEY ("id_usuarios")
);

-- AddForeignKey
ALTER TABLE "auditoria_citas" ADD CONSTRAINT "auditoria_citas_id_cita_fkey" FOREIGN KEY ("id_cita") REFERENCES "citas"("id_cita") ON DELETE NO ACTION ON UPDATE NO ACTION;

-- AddForeignKey
ALTER TABLE "auditoria_consultas" ADD CONSTRAINT "auditoria_consultas_id_consulta_fkey" FOREIGN KEY ("id_consulta") REFERENCES "consultas"("id_consulta") ON DELETE NO ACTION ON UPDATE NO ACTION;

-- AddForeignKey
ALTER TABLE "auditoria_medicos" ADD CONSTRAINT "auditoria_medicos_id_medico_fkey" FOREIGN KEY ("id_medico") REFERENCES "medicos"("id_medico") ON DELETE NO ACTION ON UPDATE NO ACTION;

-- AddForeignKey
ALTER TABLE "auditoria_pacientes" ADD CONSTRAINT "auditoria_pacientes_id_paciente_fkey" FOREIGN KEY ("id_paciente") REFERENCES "pacientes"("id_paciente") ON DELETE NO ACTION ON UPDATE NO ACTION;

-- AddForeignKey
ALTER TABLE "bitacora" ADD CONSTRAINT "bitacora_id_usuario_fkey" FOREIGN KEY ("id_usuario") REFERENCES "usuarios"("id_usuarios") ON DELETE NO ACTION ON UPDATE NO ACTION;

-- AddForeignKey
ALTER TABLE "citas" ADD CONSTRAINT "citas_id_medico_fkey" FOREIGN KEY ("id_medico") REFERENCES "medicos"("id_medico") ON DELETE NO ACTION ON UPDATE NO ACTION;

-- AddForeignKey
ALTER TABLE "citas" ADD CONSTRAINT "citas_id_paciente_fkey" FOREIGN KEY ("id_paciente") REFERENCES "pacientes"("id_paciente") ON DELETE NO ACTION ON UPDATE NO ACTION;

-- AddForeignKey
ALTER TABLE "citas" ADD CONSTRAINT "citas_id_clinica_fkey" FOREIGN KEY ("id_clinica") REFERENCES "clinica"("id_clinica") ON DELETE NO ACTION ON UPDATE NO ACTION;

-- AddForeignKey
ALTER TABLE "consultas" ADD CONSTRAINT "consultas_id_cita_fkey" FOREIGN KEY ("id_cita") REFERENCES "citas"("id_cita") ON DELETE NO ACTION ON UPDATE NO ACTION;

-- AddForeignKey
ALTER TABLE "factura_detalle" ADD CONSTRAINT "factura_detalle_id_factura_maestro_fkey" FOREIGN KEY ("id_factura_maestro") REFERENCES "factura_maestro"("id_factura_maestro") ON DELETE NO ACTION ON UPDATE NO ACTION;

-- AddForeignKey
ALTER TABLE "factura_maestro" ADD CONSTRAINT "factura_maestro_id_paciente_fkey" FOREIGN KEY ("id_paciente") REFERENCES "pacientes"("id_paciente") ON DELETE NO ACTION ON UPDATE NO ACTION;

-- AddForeignKey
ALTER TABLE "factura_maestro" ADD CONSTRAINT "factura_maestro_id_cita_fkey" FOREIGN KEY ("id_cita") REFERENCES "citas"("id_cita") ON DELETE NO ACTION ON UPDATE NO ACTION;

-- AddForeignKey
ALTER TABLE "medicos" ADD CONSTRAINT "medicos_id_clinica_fkey" FOREIGN KEY ("id_clinica") REFERENCES "clinica"("id_clinica") ON DELETE NO ACTION ON UPDATE NO ACTION;

-- AddForeignKey
ALTER TABLE "pacientes" ADD CONSTRAINT "pacientes_id_clinica_fkey" FOREIGN KEY ("id_clinica") REFERENCES "clinica"("id_clinica") ON DELETE NO ACTION ON UPDATE NO ACTION;

-- AddForeignKey
ALTER TABLE "tratamiento_detalle" ADD CONSTRAINT "tratamiento_detalle_id_tratamiento_maestro_fkey" FOREIGN KEY ("id_tratamiento_maestro") REFERENCES "tratamiento_maestro"("id_tratamiento_maestro") ON DELETE NO ACTION ON UPDATE NO ACTION;

-- AddForeignKey
ALTER TABLE "tratamiento_maestro" ADD CONSTRAINT "tratamiento_maestro_id_consulta_fkey" FOREIGN KEY ("id_consulta") REFERENCES "consultas"("id_consulta") ON DELETE NO ACTION ON UPDATE NO ACTION;

-- AddForeignKey
ALTER TABLE "usuarios" ADD CONSTRAINT "usuarios_id_clinica_fkey" FOREIGN KEY ("id_clinica") REFERENCES "clinica"("id_clinica") ON DELETE NO ACTION ON UPDATE NO ACTION;

----------------------INSERTS  CLINICA---------------------
INSERT INTO clinica (nombre, direccion) VALUES 
('Clínica 1', 'Zona 1'),
('Clínica 2', 'Zona 2'),
('Clínica 3', 'Zona 3'),
('Clínica 4', 'Zona 4'),
('Clínica 5', 'Zona 5'),
('Clínica 6', 'Zona 6'),
('Clínica 7', 'Zona 7'),
('Clínica 8', 'Zona 8'),
('Clínica 9', 'Zona 9'),
('Clínica 10', 'Zona 10'),
('Clínica 11', 'Zona 11'),
('Clínica 12', 'Zona 12'),
('Clínica 13', 'Zona 13'),
('Clínica 14', 'Zona 14'),
('Clínica 15', 'Zona 15'),
('Clínica 16', 'Zona 16'),
('Clínica 17', 'Zona 17'),
('Clínica 18', 'Zona 18'),
('Clínica 19', 'Zona 19'),
('Clínica 20', 'Zona 20'),
('Clínica 21', 'Zona 1'),
('Clínica 22', 'Zona 2'),
('Clínica 23', 'Zona 3'),
('Clínica 24', 'Zona 4'),
('Clínica 25', 'Zona 5'),
('Clínica 26', 'Zona 6'),
('Clínica 27', 'Zona 7'),
('Clínica 28', 'Zona 8'),
('Clínica 29', 'Zona 9'),
('Clínica 30', 'Zona 10'),
('Clínica 31', 'Zona 11'),
('Clínica 32', 'Zona 12'),
('Clínica 33', 'Zona 13'),
('Clínica 34', 'Zona 14'),
('Clínica 35', 'Zona 15'),
('Clínica 36', 'Zona 16'),
('Clínica 37', 'Zona 17'),
('Clínica 38', 'Zona 18'),
('Clínica 39', 'Zona 19'),
('Clínica 40', 'Zona 20'),
('Clínica 41', 'Zona 1'),
('Clínica 42', 'Zona 2'),
('Clínica 43', 'Zona 3'),
('Clínica 44', 'Zona 4'),
('Clínica 45', 'Zona 5'),
('Clínica 46', 'Zona 6'),
('Clínica 47', 'Zona 7'),
('Clínica 48', 'Zona 8'),
('Clínica 49', 'Zona 9'),
('Clínica 50', 'Zona 10'),
('Clínica 51', 'Zona 11'),
('Clínica 52', 'Zona 12'),
('Clínica 53', 'Zona 13'),
('Clínica 54', 'Zona 14'),
('Clínica 55', 'Zona 15'),
('Clínica 56', 'Zona 16'),
('Clínica 57', 'Zona 17'),
('Clínica 58', 'Zona 18'),
('Clínica 59', 'Zona 19'),
('Clínica 60', 'Zona 20'),
('Clínica 61', 'Zona 1'),
('Clínica 62', 'Zona 2'),
('Clínica 63', 'Zona 3'),
('Clínica 64', 'Zona 4'),
('Clínica 65', 'Zona 5'),
('Clínica 66', 'Zona 6'),
('Clínica 67', 'Zona 7'),
('Clínica 68', 'Zona 8'),
('Clínica 69', 'Zona 9'),
('Clínica 70', 'Zona 10'),
('Clínica 71', 'Zona 11'),
('Clínica 72', 'Zona 12'),
('Clínica 73', 'Zona 13'),
('Clínica 74', 'Zona 14'),
('Clínica 75', 'Zona 15'),
('Clínica 76', 'Zona 16'),
('Clínica 77', 'Zona 17'),
('Clínica 78', 'Zona 18'),
('Clínica 79', 'Zona 19'),
('Clínica 80', 'Zona 20'),
('Clínica 81', 'Zona 1'),
('Clínica 82', 'Zona 2'),
('Clínica 83', 'Zona 3'),
('Clínica 84', 'Zona 4'),
('Clínica 85', 'Zona 5'),
('Clínica 86', 'Zona 6'),
('Clínica 87', 'Zona 7'),
('Clínica 88', 'Zona 8'),
('Clínica 89', 'Zona 9'),
('Clínica 90', 'Zona 10'),
('Clínica 91', 'Zona 11'),
('Clínica 92', 'Zona 12'),
('Clínica 93', 'Zona 13'),
('Clínica 94', 'Zona 14'),
('Clínica 95', 'Zona 15'),
('Clínica 96', 'Zona 16'),
('Clínica 97', 'Zona 17'),
('Clínica 98', 'Zona 18'),
('Clínica 99', 'Zona 19'),
('Clínica 100', 'Zona 20');
-----------INSERTS MEDICOS--------------
INSERT INTO medicos (nombre, especialidad, telefono, id_clinica) VALUES
('Dr. Alejandro', 'General', '5000-0001', 100),
('Dra. Ana', 'Pediatría', '5000-0002', 1),
('Dr.Bruno', 'Cardiología', '5000-0003', 99),
('Dra. Beatriz', 'Dermatología', '5000-0004', 2),
('Dr. Carlos', 'Neurología', '5000-0005', 98),
('Dra. Carmen', 'Ortopedia', '5000-0006', 3),
('Dra. Daniela', 'Ginecología', '5000-0007', 97),
('Dr. Daniel', 'Oncología', '5000-0008', 4),
('Dr. Esteban', 'Psiquiatría', '5000-0009', 96),
('Dra. Elena', 'Nefrología', '5000-0010', 5),
('Dr. Fernando', 'Gastroenterología', '5000-0011', 95),
('Dra. Florencia', 'Endocrinología', '5000-0012', 6),
('Dr. Gabriel', 'Reumatología', '5000-0013', 94),
('Dra. Gabriela', 'Otorrinolaringología', '5000-0014', 7),
('Dr. Hugo', 'Neumología', '5000-0015', 93),
('Dra. Helena', 'Urología', '5000-0016', 8),
('Dr. Ignacio', 'Hematología', '5000-0017', 92),
('Dra. Irene', 'Infectología', '5000-0018', 9),
('Dr. Javier', 'Cirugía General', '5000-0019', 91),
('Dra. Julia', 'Radiología', '5000-0020', 10),
('Dr. Kevin', 'Anestesiología', '5000-0021', 90),
('Dra. Karla', 'Medicina Interna', '5000-0022', 11),
('Dr. Luis', 'Nutrición', '5000-0023', 89),
('Dra. Laura', 'Alergología', '5000-0024', 12),
('Dr. Manuel', 'Medicina Física', '5000-0025', 88),
('Dra. Mariana', 'Urgencias', '5000-0026', 13),
('Dr. Nicolás', 'Geriatría', '5000-0027', 87),
('Dra. Natalia', 'Inmunología', '5000-0028', 14),
('Dr. Óscar', 'Patología', '5000-0029', 86),
('Dra. Olivia', 'Medicina Deportiva', '5000-0030', 15),
('Dr. Pablo', 'Toxicología', '5000-0031', 85),
('Dra. Patricia', 'Neurocirugía', '5000-0032', 16),
('Dr. Ricardo', 'Traumatología', '5000-0033', 84),
('Dra. Rocío', 'Cirugía Plástica', '5000-0034', 17),
('Dr. Santiago', 'Cirugía Vascular', '5000-0035', 83),
('Dra. Sofía', 'Hepatología', '5000-0036', 18),
('Dr. Tomás', 'Proctología', '5000-0037', 82),
('Dra. Teresa', 'Medicina Nuclear', '5000-0038', 19),
('Dr. Ulises', 'Odontología', '5000-0039', 81),
('Dra. Úrsula', 'Obstetricia', '5000-0040', 20),
('Dr. Víctor', 'Audiología', '5000-0041', 80),
('Dra. Valeria', 'Fisioterapia', '5000-0042', 21),
('Dr. Walter', 'Psicología', '5000-0043', 79),
('Dra. Wendy', 'Terapia Ocupacional', '5000-0044', 22),
('Dr. Xavi', 'Ergonomía', '5000-0045', 78),
('Dra. Ximena', 'Logopedia', '5000-0046', 23),
('Dr. Yago', 'Cirugía Maxilofacial', '5000-0047', 77),
('Dra. Yamila', 'Odontopediatría', '5000-0048', 24),
('Dr. Zacarías', 'Medicina Familiar', '5000-0049', 76),
('Dra. Zoe', 'Cirugía Torácica', '5000-0050', 25),
('Dr. Adrián', 'General', '5000-0051', 75),
('Dra. Alba', 'Pediatría', '5000-0052', 26),
('Dr. Bastián', 'Cardiología', '5000-0053', 74),
('Dra. Brenda', 'Dermatología', '5000-0054', 27),
('Dr. César', 'Neurología', '5000-0055', 73),
('Dra. Clara', 'Ortopedia', '5000-0056', 28),
('Dr. Diego', 'Ginecología', '5000-0057', 72),
('Dra. Diana', 'Oncología', '5000-0058', 29),
('Dr. Emilio', 'Psiquiatría', '5000-0059', 71),
('Dra. Estela', 'Nefrología', '5000-0060', 30),
('Dr. Fabián', 'Gastroenterología', '5000-0061', 70),
('Dra. Fátima', 'Endocrinología', '5000-0062', 31),
('Dr. Germán', 'Reumatología', '5000-0063', 69),
('Dra. Gloria', 'Otorrinolaringología', '5000-0064', 32),
('Dr. Hernán', 'Neumología', '5000-0065', 68),
('Dra. Hortensia', 'Urología', '5000-0066', 33),
('Dr. Iván', 'Hematología', '5000-0067', 67),
('Dra. Isabel', 'Infectología', '5000-0068', 34),
('Dr. Joaquín', 'Cirugía General', '5000-0069', 66),
('Dra. Jimena', 'Radiología', '5000-0070', 35),
('Dr. Karim', 'Anestesiología', '5000-0071', 65),
('Dra. Karina', 'Medicina Interna', '5000-0072', 36),
('Dr. Leonardo', 'Nutrición', '5000-0073', 64),
('Dra. Leticia', 'Alergología', '5000-0074', 37),
('Dr. Marcos', 'Medicina Física', '5000-0075', 63),
('Dra. Marta', 'Urgencias', '5000-0076', 38),
('Dr. Norberto', 'Geriatría', '5000-0077', 62),
('Dra. Noelia', 'Inmunología', '5000-0078', 39),
('Dr. Orlando', 'Patología', '5000-0079', 61),
('Dra. Ofelia', 'Medicina Deportiva', '5000-0080', 40),
('Dr. Pedro', 'Toxicología', '5000-0081', 60),
('Dra. Paola', 'Neurocirugía', '5000-0082', 41),
('Dr. Raúl', 'Traumatología', '5000-0083', 59),
('Dra. Renata', 'Cirugía Plástica', '5000-0084', 42),
('Dr. Samuel', 'Cirugía Vascular', '5000-0085', 58),
('Dra. Sara', 'Hepatología', '5000-0086', 43),
('Dr. Tadeo', 'Proctología', '5000-0087', 57),
('Dra. Tamara', 'Medicina Nuclear', '5000-0088', 44),
('Dr. Uriel', 'Odontología', '5000-0089', 56),
('Dra. Úrsula', 'Obstetricia', '5000-0090', 45),
('Dr. Valentín', 'Audiología', '5000-0091', 55),
('Dra. Verónica', 'Fisioterapia', '5000-0092', 46),
('Dr. William', 'Psicología', '5000-0093', 54),
('Dra. Wanda', 'Terapia Ocupacional', '5000-0094', 47),
('Dr. Xavier', 'Ergonomía', '5000-0095', 53),
('Dra. Xochitl', 'Logopedia', '5000-0096', 48),
('Dr. Yahir', 'Cirugía Maxilofacial', '5000-0097', 52),
('Dra. Yessenia', 'Odontopediatría', '5000-0098', 49),
('Dr. Zac', 'Medicina Familiar', '5000-0099', 51),
('Dra. Zulema', 'Cirugía Torácica', '5000-0100', 50);
-----------INSERTS Pacientes--------------
INSERT INTO pacientes (nombre, fecha_nacimiento, direccion, telefono, id_clinica) VALUES
('Aarón', '1990-01-01', 'Calle 1', '6000-0001', 1),
('Abril', '1990-01-02', 'Calle 2', '6000-0002', 3),
('Benjamín', '1990-01-03', 'Calle 3', '6000-0003', 5),
('Bianca ', '1990-01-04', 'Calle 4', '6000-0004', 7),
('Cristian ', '1990-01-05', 'Calle 5', '6000-0005', 9),
('Katerin ', '1990-01-06', 'Calle 6', '6000-0006', 11),
('Darío ', '1990-01-07', 'Calle 7', '6000-0007', 13),
('Delfina', '1990-01-08', 'Calle 8', '6000-0008', 15),
('Eduardo ', '1990-01-09', 'Calle 9', '6000-0009', 17),
('Emilia ', '1990-01-10', 'Calle 10', '6000-0010', 19),
('Federico ', '1990-01-11', 'Calle 11', '6000-0011', 21),
('Fabiana ', '1990-01-12', 'Calle 12', '6000-0012', 23),
('Gonzalo ', '1990-01-13', 'Calle 13', '6000-0013', 25),
('Gemma ', '1990-01-14', 'Calle 14', '6000-0014', 27),
('Héctor ', '1990-01-15', 'Calle 15', '6000-0015', 29),
('Hilda ', '1990-01-16', 'Calle 16', '6000-0016', 31),
('Ismael ', '1990-01-17', 'Calle 17', '6000-0017', 33),
('Inés ', '1990-01-18', 'Calle 18', '6000-0018', 35),
('Julián ', '1990-01-19', 'Calle 19', '6000-0019', 37),
('Judith ', '1990-01-20', 'Calle 20', '6000-0020', 39),
('Khalil ', '1990-01-21', 'Calle 21', '6000-0021', 41),
('Celeste ', '1990-01-22', 'Calle 22', '6000-0022', 43),
('Leandro ', '1990-01-23', 'Calle 23', '6000-0023', 45),
('Lourdes ', '1990-01-24', 'Calle 24', '6000-0024', 47),
('Mateo ', '1990-01-25', 'Calle 25', '6000-0025', 49),
('Mónica ', '1990-01-26', 'Calle 26', '6000-0026', 51),
('Nahuel ', '1990-01-27', 'Calle 27', '6000-0027', 53),
('Nerea ', '1990-01-28', 'Calle 28', '6000-0028', 55),
('Omar ', '1990-01-29', 'Calle 29', '6000-0029', 57),
('Oriana ', '1990-01-30', 'Calle 30', '6000-0030', 59),
('Pascual ', '1990-01-31', 'Calle 31', '6000-0031', 61),
('Pilar ', '1990-02-01', 'Calle 32', '6000-0032', 63),
('Rodrigo ', '1990-02-02', 'Calle 33', '6000-0033', 65),
('Raquel ', '1990-02-03', 'Calle 34', '6000-0034', 67),
('Sergio ', '1990-02-04', 'Calle 35', '6000-0035', 69),
('Selene ', '1990-02-05', 'Calle 36', '6000-0036', 71),
('Thiago ', '1990-02-06', 'Calle 37', '6000-0037', 73),
('Tatiana ', '1990-02-07', 'Calle 38', '6000-0038', 75),
('Víctor ', '1990-02-08', 'Calle 39', '6000-0039', 77),
('Violeta ', '1990-02-09', 'Calle 40', '6000-0040', 79),
('Wilmer ', '1990-02-10', 'Calle 41', '6000-0041', 81),
('Wendy ', '1990-02-11', 'Calle 42', '6000-0042', 83),
('Xander', '1990-02-12', 'Calle 43', '6000-0043', 85),
('Xiomara ', '1990-02-13', 'Calle 44', '6000-0044', 87),
('Yandel ', '1990-02-14', 'Calle 45', '6000-0045', 89),
('Yuliana ', '1990-02-15', 'Calle 46', '6000-0046', 91),
('Zaid ', '1990-02-16', 'Calle 47', '6000-0047', 93),
('Zaira ', '1990-02-17', 'Calle 48', '6000-0048', 95),
('Alonso ', '1990-02-18', 'Calle 49', '6000-0049', 97),
('Alicia ', '1990-02-19', 'Calle 50', '6000-0050', 99),
('Baltasar ', '1990-02-20', 'Calle 51', '6000-0051', 2),
('Brenda ', '1990-02-21', 'Calle 52', '6000-0052', 4),
('Claudio ', '1990-02-22', 'Calle 53', '6000-0053', 6),
('Camila ', '1990-02-23', 'Calle 54', '6000-0054', 8),
('Damián ', '1990-02-24', 'Calle 55', '6000-0055', 10),
('Denise ', '1990-02-25', 'Calle 56', '6000-0056', 12),
('Elías ', '1990-02-26', 'Calle 57', '6000-0057', 14),
('Eloísa ', '1990-02-27', 'Calle 58', '6000-0058', 16),
('Fabricio ', '1990-02-28', 'Calle 59', '6000-0059', 18),
('Flor ', '1990-03-01', 'Calle 60', '6000-0060', 20),
('Guillermo ', '1990-03-02', 'Calle 61', '6000-0061', 22),
('Guadalupe ', '1990-03-03', 'Calle 62', '6000-0062', 24),
('Horacio ', '1990-03-04', 'Calle 63', '6000-0063', 26),
('Helena ', '1990-03-05', 'Calle 64', '6000-0064', 28),
('Iván ', '1990-03-06', 'Calle 65', '6000-0065', 30),
('Ivette ', '1990-03-07', 'Calle 66', '6000-0066', 32),
('Jaime ', '1990-03-08', 'Calle 67', '6000-0067', 34),
('Julieta ', '1990-03-09', 'Calle 68', '6000-0068', 36),
('Kevin ', '1990-03-10', 'Calle 69', '6000-0069', 38),
('Karen ', '1990-03-11', 'Calle 70', '6000-0070', 40),
('Lorenzo ', '1990-03-12', 'Calle 71', '6000-0071', 42),
('Lidia ', '1990-03-13', 'Calle 72', '6000-0072', 44),
('Martín ', '1990-03-14', 'Calle 73', '6000-0073', 46),
('Milagros', '1990-03-15', 'Calle 74', '6000-0074', 48),
('Nicolás ', '1990-03-16', 'Calle 75', '6000-0075', 50),
('Noemí ', '1990-03-17', 'Calle 76', '6000-0076', 52),
('Octavio ', '1990-03-18', 'Calle 77', '6000-0077', 54),
('Olga ', '1990-03-19', 'Calle 78', '6000-0078', 56),
('Patricio ', '1990-03-20', 'Calle 79', '6000-0079', 58),
('Penélope ', '1990-03-21', 'Calle 80', '6000-0080', 60),
('Rafael ', '1990-03-22', 'Calle 81', '6000-0081', 62),
('Regina ', '1990-03-23', 'Calle 82', '6000-0082', 64),
('Sebastián ', '1990-03-24', 'Calle 83', '6000-0083', 66),
('Susana ', '1990-03-25', 'Calle 84', '6000-0084', 68),
('Teo ', '1990-03-26', 'Calle 85', '6000-0085', 70),
('Teresa ', '1990-03-27', 'Calle 86', '6000-0086', 72),
('Valentín ', '1990-03-28', 'Calle 87', '6000-0087', 74),
('Vanessa ', '1990-03-29', 'Calle 88', '6000-0088', 76),
('Wilfredo ', '1990-03-30', 'Calle 89', '6000-0089', 78),
('Wanda ', '1990-03-31', 'Calle 90', '6000-0090', 80),
('Xavier ', '1990-04-01', 'Calle 91', '6000-0091', 82),
('Xenia ', '1990-04-02', 'Calle 92', '6000-0092', 84),
('Yair', '1990-04-03', 'Calle 93', '6000-0093', 86),
('Yara', '1990-04-04', 'Calle 94', '6000-0094', 88),
('Zachary ', '1990-04-05', 'Calle 95', '6000-0095', 90),
('Zahira ', '1990-04-06', 'Calle 96', '6000-0096', 92),
('Abel ', '1990-04-07', 'Calle 97', '6000-0097', 94),
('Amanda ', '1990-04-08', 'Calle 98', '6000-0098', 96),
('Bruno ', '1990-04-09', 'Calle 99', '6000-0099', 98),
('Belén ', '1990-04-10', 'Calle 100', '6000-0100', 100);
-----------INSERTS Citas--------------
INSERT INTO citas (id_medico, id_paciente, id_clinica, fecha,estado) VALUES
(1, 2, 3, '2025-05-12','PENDIENTE'),
(2, 3, 4, '2025-05-13','PENDIENTE'),
(3, 4, 5, '2025-05-14','PENDIENTE'),
(4, 5, 6, '2025-05-15','PENDIENTE'),
(5, 6, 7, '2025-05-16','PENDIENTE'),
(6, 7, 8, '2025-05-17','PENDIENTE'),
(7, 8, 9, '2025-05-18','PENDIENTE'),
(8, 9, 10, '2025-05-19','PENDIENTE'),
(9, 10, 11, '2025-05-20','PENDIENTE'),
(10, 11, 12, '2025-05-21','PENDIENTE'),
(11, 12, 13, '2025-05-22','PENDIENTE'),
(12, 13, 14, '2025-05-23','PENDIENTE'),
(13, 14, 15, '2025-05-24','PENDIENTE'),
(14, 15, 16, '2025-05-25','PENDIENTE'),
(15, 16, 17, '2025-05-26','PENDIENTE'),
(16, 17, 18, '2025-05-27','PENDIENTE'),
(17, 18, 19, '2025-05-28','PENDIENTE'),
(18, 19, 20, '2025-05-29','PENDIENTE'),
(19, 20, 21, '2025-05-30','PENDIENTE'),
(20, 21, 22, '2025-05-31','PENDIENTE'),
(21, 22, 23, '2025-06-01','PENDIENTE'),
(22, 23, 24, '2025-06-02','PENDIENTE'),
(23, 24, 25, '2025-06-03','PENDIENTE'),
(24, 25, 26, '2025-06-04','PENDIENTE'),
(25, 26, 27, '2025-06-05','PENDIENTE'),
(26, 27, 28, '2025-06-06','PENDIENTE'),
(27, 28, 29, '2025-06-07','PENDIENTE'),
(28, 29, 30, '2025-06-08','PENDIENTE'),
(29, 30, 31, '2025-06-09','PENDIENTE'),
(30, 31, 32, '2025-06-10','PENDIENTE'),
(31, 32, 33, '2025-06-11','PENDIENTE'),
(32, 33, 34, '2025-06-12','PENDIENTE'),
(33, 34, 35, '2025-06-13','PENDIENTE'),
(34, 35, 36, '2025-06-14','PENDIENTE'),
(35, 36, 37, '2025-06-15','PENDIENTE'),
(36, 37, 38, '2025-06-16','PENDIENTE'),
(37, 38, 39, '2025-06-17','PENDIENTE'),
(38, 39, 40, '2025-06-18','PENDIENTE'),
(39, 40, 41, '2025-06-19','PENDIENTE'),
(40, 41, 42, '2025-06-20','PENDIENTE'),
(41, 42, 43, '2025-06-21','PENDIENTE'),
(42, 43, 44, '2025-06-22','PENDIENTE'),
(43, 44, 45, '2025-06-23','PENDIENTE'),
(44, 45, 46, '2025-06-24','PENDIENTE'),
(45, 46, 47, '2025-06-25','PENDIENTE'),
(46, 47, 48, '2025-06-26','PENDIENTE'),
(47, 48, 49, '2025-06-27','PENDIENTE'),
(48, 49, 50, '2025-06-28','PENDIENTE'),
(49, 50, 51, '2025-06-29','PENDIENTE'),
(50, 51, 52, '2025-06-30','PENDIENTE'),
(51, 52, 53, '2025-07-01','PENDIENTE'),
(52, 53, 54, '2025-07-02','PENDIENTE'),
(53, 54, 55, '2025-07-03','PENDIENTE'),
(54, 55, 56, '2025-07-04','PENDIENTE'),
(55, 56, 57, '2025-07-05','PENDIENTE'),
(56, 57, 58, '2025-07-06','PENDIENTE'),
(57, 58, 59, '2025-07-07','PENDIENTE'),
(58, 59, 60, '2025-07-08','PENDIENTE'),
(59, 60, 61, '2025-07-09','PENDIENTE'),
(60, 61, 62, '2025-07-10','PENDIENTE'),
(61, 62, 63, '2025-07-11','PENDIENTE'),
(62, 63, 64, '2025-07-12','PENDIENTE'),
(63, 64, 65, '2025-07-13','PENDIENTE'),
(64, 65, 66, '2025-07-14','PENDIENTE'),
(65, 66, 67, '2025-07-15','PENDIENTE'),
(66, 67, 68, '2025-07-16','PENDIENTE'),
(67, 68, 69, '2025-07-17','PENDIENTE'),
(68, 69, 70, '2025-07-18','PENDIENTE'),
(69, 70, 71, '2025-07-19','PENDIENTE'),
(70, 71, 72, '2025-07-20','PENDIENTE'),
(71, 72, 73, '2025-07-21','PENDIENTE'),
(72, 73, 74, '2025-07-22','PENDIENTE'),
(73, 74, 75, '2025-07-23','PENDIENTE'),
(74, 75, 76, '2025-07-24','PENDIENTE'),
(75, 76, 77, '2025-07-25','PENDIENTE'),
(76, 77, 78, '2025-07-26','PENDIENTE'),
(77, 78, 79, '2025-07-27','PENDIENTE'),
(78, 79, 80, '2025-07-28','PENDIENTE'),
(79, 80, 81, '2025-07-29','PENDIENTE'),
(80, 81, 82, '2025-07-30','PENDIENTE'),
(81, 82, 83, '2025-07-31','PENDIENTE'),
(82, 83, 84, '2025-08-01','PENDIENTE'),
(83, 84, 85, '2025-08-02','PENDIENTE'),
(84, 85, 86, '2025-08-03','PENDIENTE'),
(85, 86, 87, '2025-08-04','PENDIENTE'),
(86, 87, 88, '2025-08-05','PENDIENTE'),
(87, 88, 89, '2025-08-06','PENDIENTE'),
(88, 89, 90, '2025-08-07','PENDIENTE'),
(89, 90, 91, '2025-08-08','PENDIENTE'),
(90, 91, 92, '2025-08-09','PENDIENTE'),
(91, 92, 93, '2025-08-10','PENDIENTE'),
(92, 93, 94, '2025-08-11','PENDIENTE'),
(93, 94, 95, '2025-08-12','PENDIENTE'),
(94, 95, 96, '2025-08-13','PENDIENTE'),
(95, 96, 97, '2025-08-14','PENDIENTE'),
(96, 97, 98, '2025-08-15','PENDIENTE'),
(97, 98, 99, '2025-08-16','PENDIENTE'),
(98, 99, 100, '2025-08-17','PENDIENTE'),
(99, 100, 1, '2025-08-18','PENDIENTE'),
(100, 1, 2, '2025-08-19','PENDIENTE');
-------------INSERTS CONSULTAS------------
INSERT INTO consultas (id_cita, diagnostico) VALUES
( 1, 'Evaluación clínica general' ),
( 2, 'Control de crecimiento infantil' ),
( 3, 'Arritmia cardíaca' ),
( 4, 'Dermatitis atópica' ),
( 5, 'Cefalea tensional' ),
( 6, 'Esguince de tobillo' ),
( 7, 'Revisión ginecológica' ),
( 8, 'Seguimiento de quimioterapia' ),
( 9, 'Ansiedad generalizada' ),
( 10, 'Infección urinaria' ),
( 11, 'Gastritis aguda' ),
( 12, 'Hipotiroidismo' ),
( 13, 'Artritis reumatoide' ),
( 14, 'Otitis media' ),
( 15, 'Asma bronquial' ),
( 16, 'Cálculo renal' ),
( 17, 'Anemia ferropénica' ),
( 18, 'Infección viral' ),
( 19, 'Consulta prequirúrgica' ),
( 20, 'Interpretación de RX' ),
( 21, 'Evaluación preanestésica' ),
( 22, 'Hipertensión arterial' ),
( 23, 'Plan nutricional personalizado' ),
( 24, 'Rinitis alérgica' ),
( 25, 'Terapia de rehabilitación' ),
( 26, 'Atención de trauma leve' ),
( 27, 'Evaluación geriátrica integral' ),
( 28, 'Inmunodeficiencia primaria' ),
( 29, 'Revisión de biopsia' ),
( 30, 'Lesión deportiva' ),
( 31, 'Intoxicación medicamentosa' ),
( 32, 'Consulta postquirúrgica craneal' ),
( 33, 'Fractura de radio' ),
( 34, 'Consulta postoperatoria estética' ),
( 35, 'Insuficiencia venosa' ),
( 36, 'Hepatitis crónica' ),
( 37, 'Fisura anal' ),
( 38, 'Seguimiento con gammagrafía' ),
( 39, 'Caries dental' ),
( 40, 'Control prenatal' ),
( 41, 'Evaluación auditiva' ),
( 42, 'Rehabilitación física' ),
( 43, 'Terapia cognitivo-conductual' ),
( 44, 'Entrenamiento en actividades básicas' ),
( 45, 'Asesoría ergonómica laboral' ),
( 46, 'Terapia del lenguaje' ),
( 47, 'Extracción de muela del juicio' ),
( 48, 'Revisión dental infantil' ),
( 49, 'Chequeo preventivo' ),
( 50, 'Consulta postoperatoria torácica' ),
( 51, 'Evaluación clínica general' ),
( 52, 'Control de crecimiento infantil' ),
( 53, 'Arritmia cardíaca' ),
( 54, 'Dermatitis atópica' ),
( 55, 'Cefalea tensional' ),
( 56, 'Esguince de tobillo' ),
( 57, 'Revisión ginecológica' ),
( 58, 'Seguimiento de quimioterapia' ),
( 59, 'Ansiedad generalizada' ),
( 60, 'Infección urinaria' ),
( 61, 'Gastritis aguda' ),
( 62, 'Hipotiroidismo' ),
( 63, 'Artritis reumatoide' ),
( 64, 'Otitis media' ),
( 65, 'Asma bronquial' ),
( 66, 'Cálculo renal' ),
( 67, 'Anemia ferropénica' ),
( 68, 'Infección viral' ),
( 69, 'Consulta prequirúrgica' ),
( 70, 'Interpretación de RX' ),
( 71, 'Evaluación preanestésica' ),
( 72, 'Hipertensión arterial' ),
( 73, 'Plan nutricional personalizado' ),
( 74, 'Rinitis alérgica' ),
( 75, 'Terapia de rehabilitación' ),
( 76, 'Atención de trauma leve' ),
( 77, 'Evaluación geriátrica integral' ),
( 78, 'Inmunodeficiencia primaria' ),
( 79, 'Revisión de biopsia' ),
( 80, 'Lesión deportiva' ),
( 81, 'Intoxicación medicamentosa' ),
( 82, 'Consulta postquirúrgica craneal' ),
( 83, 'Fractura de radio' ),
( 84, 'Consulta postoperatoria estética' ),
( 85, 'Insuficiencia venosa' ),
( 86, 'Hepatitis crónica' ),
( 87, 'Fisura anal' ),
( 88, 'Seguimiento con gammagrafía' ),
( 89, 'Caries dental' ),
( 90, 'Control prenatal' ),
( 91, 'Evaluación auditiva' ),
( 92, 'Rehabilitación física' ),
( 93, 'Terapia cognitivo-conductual' ),
( 94, 'Entrenamiento en actividades básicas' ),
( 95, 'Asesoría ergonómica laboral' ),
( 96, 'Terapia del lenguaje' ),
( 97, 'Extracción de muela del juicio' ),
( 98, 'Revisión dental infantil' ),
( 99, 'Chequeo preventivo' ),
( 100, 'Consulta postoperatoria torácica' );
-------------INSERTS TRATAMIENTO_MAESTRO------------
INSERT INTO tratamiento_maestro (id_consulta, fecha_inicio, fecha_fin) VALUES
( 1, '2025-05-12', '2025-05-19' ),
( 2, '2025-05-13', '2025-05-20' ),
( 3, '2025-05-14', '2025-05-21' ),
( 4, '2025-05-15', '2025-05-22' ),
( 5, '2025-05-16', '2025-05-23' ),
( 6, '2025-05-17', '2025-05-24' ),
( 7, '2025-05-18', '2025-05-25' ),
( 8, '2025-05-19', '2025-05-26' ),
( 9, '2025-05-20', '2025-05-27' ),
( 10, '2025-05-21', '2025-05-28' ),
( 11, '2025-05-22', '2025-05-29' ),
( 12, '2025-05-23', '2025-05-30' ),
( 13, '2025-05-24', '2025-05-31' ),
( 14, '2025-05-25', '2025-06-01' ),
( 15, '2025-05-26', '2025-06-02' ),
( 16, '2025-05-27', '2025-06-03' ),
( 17, '2025-05-28', '2025-06-04' ),
( 18, '2025-05-29', '2025-06-05' ),
( 19, '2025-05-30', '2025-06-06' ),
( 20, '2025-05-31', '2025-06-07' ),
( 21, '2025-06-01', '2025-06-08' ),
( 22, '2025-06-02', '2025-06-09' ),
( 23, '2025-06-03', '2025-06-10' ),
( 24, '2025-06-04', '2025-06-11' ),
( 25, '2025-06-05', '2025-06-12' ),
( 26, '2025-06-06', '2025-06-13' ),
( 27, '2025-06-07', '2025-06-14' ),
( 28, '2025-06-08', '2025-06-15' ),
( 29, '2025-06-09', '2025-06-16' ),
( 30, '2025-06-10', '2025-06-17' ),
( 31, '2025-06-11', '2025-06-18' ),
( 32, '2025-06-12', '2025-06-19' ),
( 33, '2025-06-13', '2025-06-20' ),
( 34, '2025-06-14', '2025-06-21' ),
( 35, '2025-06-15', '2025-06-22' ),
( 36, '2025-06-16', '2025-06-23' ),
( 37, '2025-06-17', '2025-06-24' ),
( 38, '2025-06-18', '2025-06-25' ),
( 39, '2025-06-19', '2025-06-26' ),
( 40, '2025-06-20', '2025-06-27' ),
( 41, '2025-06-21', '2025-06-28' ),
( 42, '2025-06-22', '2025-06-29' ),
( 43, '2025-06-23', '2025-06-30' ),
( 44, '2025-06-24', '2025-07-01' ),
( 45, '2025-06-25', '2025-07-02' ),
( 46, '2025-06-26', '2025-07-03' ),
( 47, '2025-06-27', '2025-07-04' ),
( 48, '2025-06-28', '2025-07-05' ),
( 49, '2025-06-29', '2025-07-06' ),
( 50, '2025-06-30', '2025-07-07' ),
( 51, '2025-07-01', '2025-07-08' ),
( 52, '2025-07-02', '2025-07-09' ),
( 53, '2025-07-03', '2025-07-10' ),
( 54, '2025-07-04', '2025-07-11' ),
( 55, '2025-07-05', '2025-07-12' ),
( 56, '2025-07-06', '2025-07-13' ),
( 57, '2025-07-07', '2025-07-14' ),
( 58, '2025-07-08', '2025-07-15' ),
( 59, '2025-07-09', '2025-07-16' ),
( 60, '2025-07-10', '2025-07-17' ),
( 61, '2025-07-11', '2025-07-18' ),
( 62, '2025-07-12', '2025-07-19' ),
( 63, '2025-07-13', '2025-07-20' ),
( 64, '2025-07-14', '2025-07-21' ),
( 65, '2025-07-15', '2025-07-22' ),
( 66, '2025-07-16', '2025-07-23' ),
( 67, '2025-07-17', '2025-07-24' ),
( 68, '2025-07-18', '2025-07-25' ),
( 69, '2025-07-19', '2025-07-26' ),
( 70, '2025-07-20', '2025-07-27' ),
( 71, '2025-07-21', '2025-07-28' ),
( 72, '2025-07-22', '2025-07-29' ),
( 73, '2025-07-23', '2025-07-30' ),
( 74, '2025-07-24', '2025-07-31' ),
( 75, '2025-07-25', '2025-08-01' ),
( 76, '2025-07-26', '2025-08-02' ),
( 77, '2025-07-27', '2025-08-03' ),
( 78, '2025-07-28', '2025-08-04' ),
( 79, '2025-07-29', '2025-08-05' ),
( 80, '2025-07-30', '2025-08-06' ),
( 81, '2025-07-31', '2025-08-07' ),
( 82, '2025-08-01', '2025-08-08' ),
( 83, '2025-08-02', '2025-08-09' ),
( 84, '2025-08-03', '2025-08-10' ),
( 85, '2025-08-04', '2025-08-11' ),
( 86, '2025-08-05', '2025-08-12' ),
( 87, '2025-08-06', '2025-08-13' ),
( 88, '2025-08-07', '2025-08-14' ),
( 89, '2025-08-08', '2025-08-15' ),
( 90, '2025-08-09', '2025-08-16' ),
( 91, '2025-08-10', '2025-08-17' ),
( 92, '2025-08-11', '2025-08-18' ),
( 93, '2025-08-12', '2025-08-19' ),
( 94, '2025-08-13', '2025-08-20' ),
( 95, '2025-08-14', '2025-08-21' ),
( 96, '2025-08-15', '2025-08-22' ),
( 97, '2025-08-16', '2025-08-23' ),
( 98, '2025-08-17', '2025-08-24' ),
( 99, '2025-08-18', '2025-08-25' ),
( 100, '2025-08-19', '2025-08-26' );
-------------INSERTS TRATAMIENTO_DETALLE------------
INSERT INTO tratamiento_detalle (id_tratamiento_maestro, medicamento, dosis, frecuencia) VALUES
( 1, 'Omeprazol', '20mg', 'Antes del desayuno' ),
( 2, 'Diclofenaco', '50mg', 'Cada 8 horas' ),
( 2, 'Salbutamol', '2 inhalaciones', 'Cada 6 horas' ),
( 3, 'Amoxicilina', '875mg', 'Cada 12 horas' ),
( 3, 'Ibuprofeno', '400mg', 'Cada 6 horas' ),
( 4, 'Salbutamol', '2 inhalaciones', 'Cada 6 horas' ),
( 5, 'Ibuprofeno', '400mg', 'Cada 6 horas' ),
( 6, 'Diclofenaco', '50mg', 'Cada 8 horas' ),
( 7, 'Enalapril', '5mg', 'Cada mañana' ),
( 7, 'Loratadina', '10mg', 'Una vez al día' ),
( 8, 'Metformina', '850mg', 'Cada 12 horas' ),
( 8, 'Vitamina C', '1g', 'Cada mañana' ),
( 8, 'Paracetamol', '500mg', 'Cada 8 horas' ),
( 9, 'Salbutamol', '2 inhalaciones', 'Cada 6 horas' ),
( 9, 'Loratadina', '10mg', 'Una vez al día' ),
( 9, 'Omeprazol', '20mg', 'Antes del desayuno' ),
( 10, 'Paracetamol', '500mg', 'Cada 8 horas' ),
( 11, 'Salbutamol', '2 inhalaciones', 'Cada 6 horas' ),
( 12, 'Diclofenaco', '50mg', 'Cada 8 horas' ),
( 13, 'Paracetamol', '500mg', 'Cada 8 horas' ),
( 13, 'Enalapril', '5mg', 'Cada mañana' ),
( 13, 'Ibuprofeno', '400mg', 'Cada 6 horas' ),
( 14, 'Salbutamol', '2 inhalaciones', 'Cada 6 horas' ),
( 14, 'Ibuprofeno', '400mg', 'Cada 6 horas' ),
( 15, 'Diclofenaco', '50mg', 'Cada 8 horas' ),
( 16, 'Vitamina C', '1g', 'Cada mañana' ),
( 16, 'Enalapril', '5mg', 'Cada mañana' ),
( 16, 'Paracetamol', '500mg', 'Cada 8 horas' ),
( 17, 'Metformina', '850mg', 'Cada 12 horas' ),
( 18, 'Omeprazol', '20mg', 'Antes del desayuno' ),
( 19, 'Metformina', '850mg', 'Cada 12 horas' ),
( 20, 'Amoxicilina', '875mg', 'Cada 12 horas' ),
( 20, 'Omeprazol', '20mg', 'Antes del desayuno' ),
( 20, 'Paracetamol', '500mg', 'Cada 8 horas' ),
( 21, 'Paracetamol', '500mg', 'Cada 8 horas' ),
( 22, 'Omeprazol', '20mg', 'Antes del desayuno' ),
( 23, 'Vitamina C', '1g', 'Cada mañana' ),
( 23, 'Enalapril', '5mg', 'Cada mañana' ),
( 23, 'Diclofenaco', '50mg', 'Cada 8 horas' ),
( 24, 'Paracetamol', '500mg', 'Cada 8 horas' ),
( 25, 'Paracetamol', '500mg', 'Cada 8 horas' ),
( 26, 'Diclofenaco', '50mg', 'Cada 8 horas' ),
( 27, 'Loratadina', '10mg', 'Una vez al día' ),
( 27, 'Enalapril', '5mg', 'Cada mañana' ),
( 27, 'Amoxicilina', '875mg', 'Cada 12 horas' ),
( 28, 'Ibuprofeno', '400mg', 'Cada 6 horas' ),
( 28, 'Loratadina', '10mg', 'Una vez al día' ),
( 28, 'Enalapril', '5mg', 'Cada mañana' ),
( 29, 'Salbutamol', '2 inhalaciones', 'Cada 6 horas' ),
( 29, 'Loratadina', '10mg', 'Una vez al día' ),
( 30, 'Enalapril', '5mg', 'Cada mañana' ),
( 31, 'Amoxicilina', '875mg', 'Cada 12 horas' ),
( 31, 'Diclofenaco', '50mg', 'Cada 8 horas' ),
( 31, 'Ibuprofeno', '400mg', 'Cada 6 horas' ),
( 32, 'Metformina', '850mg', 'Cada 12 horas' ),
( 32, 'Loratadina', '10mg', 'Una vez al día' ),
( 32, 'Omeprazol', '20mg', 'Antes del desayuno' ),
( 33, 'Omeprazol', '20mg', 'Antes del desayuno' ),
( 33, 'Ibuprofeno', '400mg', 'Cada 6 horas' ),
( 33, 'Loratadina', '10mg', 'Una vez al día' ),
( 34, 'Ibuprofeno', '400mg', 'Cada 6 horas' ),
( 34, 'Enalapril', '5mg', 'Cada mañana' ),
( 34, 'Metformina', '850mg', 'Cada 12 horas' ),
( 35, 'Omeprazol', '20mg', 'Antes del desayuno' ),
( 36, 'Diclofenaco', '50mg', 'Cada 8 horas' ),
( 37, 'Loratadina', '10mg', 'Una vez al día' ),
( 37, 'Enalapril', '5mg', 'Cada mañana' ),
( 37, 'Amoxicilina', '875mg', 'Cada 12 horas' ),
( 38, 'Ibuprofeno', '400mg', 'Cada 6 horas' ),
( 38, 'Loratadina', '10mg', 'Una vez al día' ),
( 38, 'Enalapril', '5mg', 'Cada mañana' ),
( 39, 'Salbutamol', '2 inhalaciones', 'Cada 6 horas' ),
( 39, 'Loratadina', '10mg', 'Una vez al día' ),
( 40, 'Enalapril', '5mg', 'Cada mañana' ),
( 41, 'Amoxicilina', '875mg', 'Cada 12 horas' ),
( 41, 'Diclofenaco', '50mg', 'Cada 8 horas' ),
( 41, 'Ibuprofeno', '400mg', 'Cada 6 horas' ),
( 42, 'Metformina', '850mg', 'Cada 12 horas' ),
( 42, 'Loratadina', '10mg', 'Una vez al día' ),
( 42, 'Omeprazol', '20mg', 'Antes del desayuno' ),
( 43, 'Omeprazol', '20mg', 'Antes del desayuno' ),
( 43, 'Ibuprofeno', '400mg', 'Cada 6 horas' ),
( 43, 'Loratadina', '10mg', 'Una vez al día' ),
( 44, 'Ibuprofeno', '400mg', 'Cada 6 horas' ),
( 44, 'Enalapril', '5mg', 'Cada mañana' ),
( 44, 'Metformina', '850mg', 'Cada 12 horas' ),
( 45, 'Omeprazol', '20mg', 'Antes del desayuno' ),
( 46, 'Diclofenaco', '50mg', 'Cada 8 horas' ),
( 46, 'Metformina', '850mg', 'Cada 12 horas' ),
( 47, 'Enalapril', '5mg', 'Cada mañana' ),
( 48, 'Enalapril', '5mg', 'Cada mañana' ),
( 49, 'Vitamina C', '1g', 'Cada mañana' ),
( 50, 'Vitamina C', '1g', 'Cada mañana' ),
( 51, 'Enalapril', '5mg', 'Cada mañana' ),
( 51, 'Ibuprofeno', '400mg', 'Cada 6 horas' ),
( 52, 'Paracetamol', '500mg', 'Cada 8 horas' ),
( 52, 'Omeprazol', '20mg', 'Antes del desayuno' ),
( 52, 'Vitamina C', '1g', 'Cada mañana' ),
( 53, 'Metformina', '850mg', 'Cada 12 horas' ),
( 54, 'Ibuprofeno', '400mg', 'Cada 6 horas' ),
( 55, 'Vitamina C', '1g', 'Cada mañana' ),
( 55, 'Loratadina', '10mg', 'Una vez al día' ),
( 56, 'Enalapril', '5mg', 'Cada mañana' ),
( 56, 'Ibuprofeno', '400mg', 'Cada 6 horas' ),
( 57, 'Metformina', '850mg', 'Cada 12 horas' ),
( 57, 'Ibuprofeno', '400mg', 'Cada 6 horas' ),
( 57, 'Salbutamol', '2 inhalaciones', 'Cada 6 horas' ),
( 58, 'Omeprazol', '20mg', 'Antes del desayuno' ),
( 59, 'Loratadina', '10mg', 'Una vez al día' ),
( 60, 'Metformina', '850mg', 'Cada 12 horas' ),
( 60, 'Vitamina C', '1g', 'Cada mañana' ),
( 60, 'Diclofenaco', '50mg', 'Cada 8 horas' ),
( 61, 'Paracetamol', '500mg', 'Cada 8 horas' ),
( 61, 'Enalapril', '5mg', 'Cada mañana' ),
( 61, 'Metformina', '850mg', 'Cada 12 horas' ),
( 62, 'Diclofenaco', '50mg', 'Cada 8 horas' ),
( 62, 'Paracetamol', '500mg', 'Cada 8 horas' ),
( 63, 'Diclofenaco', '50mg', 'Cada 8 horas' ),
( 63, 'Paracetamol', '500mg', 'Cada 8 horas' ),
( 63, 'Metformina', '850mg', 'Cada 12 horas' ),
( 64, 'Paracetamol', '500mg', 'Cada 8 horas' ),
( 64, 'Vitamina C', '1g', 'Cada mañana' ),
( 64, 'Metformina', '850mg', 'Cada 12 horas' ),
( 65, 'Diclofenaco', '50mg', 'Cada 8 horas' ),
( 66, 'Enalapril', '5mg', 'Cada mañana' ),
( 66, 'Vitamina C', '1g', 'Cada mañana' ),
( 66, 'Metformina', '850mg', 'Cada 12 horas' ),
( 67, 'Vitamina C', '1g', 'Cada mañana' ),
( 68, 'Salbutamol', '2 inhalaciones', 'Cada 6 horas' ),
( 69, 'Ibuprofeno', '400mg', 'Cada 6 horas' ),
( 69, 'Metformina', '850mg', 'Cada 12 horas' ),
( 69, 'Vitamina C', '1g', 'Cada mañana' ),
( 70, 'Amoxicilina', '875mg', 'Cada 12 horas' ),
( 71, 'Omeprazol', '20mg', 'Antes del desayuno' ),
( 71, 'Diclofenaco', '50mg', 'Cada 8 horas' ),
( 71, 'Enalapril', '5mg', 'Cada mañana' ),
( 72, 'Enalapril', '5mg', 'Cada mañana' ),
( 72, 'Ibuprofeno', '400mg', 'Cada 6 horas' ),
( 73, 'Vitamina C', '1g', 'Cada mañana' ),
( 73, 'Salbutamol', '2 inhalaciones', 'Cada 6 horas' ),
( 73, 'Diclofenaco', '50mg', 'Cada 8 horas' ),
( 74, 'Amoxicilina', '875mg', 'Cada 12 horas' ),
( 74, 'Enalapril', '5mg', 'Cada mañana' ),
( 75, 'Enalapril', '5mg', 'Cada mañana' ),
( 76, 'Amoxicilina', '875mg', 'Cada 12 horas' ),
( 76, 'Salbutamol', '2 inhalaciones', 'Cada 6 horas' ),
( 77, 'Omeprazol', '20mg', 'Antes del desayuno' ),
( 77, 'Ibuprofeno', '400mg', 'Cada 6 horas' ),
( 77, 'Enalapril', '5mg', 'Cada mañana' ),
( 78, 'Ibuprofeno', '400mg', 'Cada 6 horas' ),
( 78, 'Omeprazol', '20mg', 'Antes del desayuno' ),
( 79, 'Omeprazol', '20mg', 'Antes del desayuno' ),
( 79, 'Vitamina C', '1g', 'Cada mañana' ),
( 80, 'Salbutamol', '2 inhalaciones', 'Cada 6 horas' ),
( 80, 'Diclofenaco', '50mg', 'Cada 8 horas' ),
( 80, 'Enalapril', '5mg', 'Cada mañana' ),
( 81, 'Salbutamol', '2 inhalaciones', 'Cada 6 horas' ),
( 81, 'Amoxicilina', '875mg', 'Cada 12 horas' ),
( 81, 'Ibuprofeno', '400mg', 'Cada 6 horas' ),
( 82, 'Omeprazol', '20mg', 'Antes del desayuno' ),
( 82, 'Enalapril', '5mg', 'Cada mañana' ),
( 83, 'Paracetamol', '500mg', 'Cada 8 horas' ),
( 83, 'Metformina', '850mg', 'Cada 12 horas' ),
( 84, 'Omeprazol', '20mg', 'Antes del desayuno' ),
( 85, 'Amoxicilina', '875mg', 'Cada 12 horas' ),
( 85, 'Loratadina', '10mg', 'Una vez al día' ),
( 86, 'Paracetamol', '500mg', 'Cada 8 horas' ),
( 86, 'Enalapril', '5mg', 'Cada mañana' ),
( 87, 'Loratadina', '10mg', 'Una vez al día' ),
( 87, 'Vitamina C', '1g', 'Cada mañana' ),
( 87, 'Metformina', '850mg', 'Cada 12 horas' ),
( 88, 'Loratadina', '10mg', 'Una vez al día' ),
( 88, 'Metformina', '850mg', 'Cada 12 horas' ),
( 88, 'Ibuprofeno', '400mg', 'Cada 6 horas' ),
( 89, 'Vitamina C', '1g', 'Cada mañana' ),
( 89, 'Enalapril', '5mg', 'Cada mañana' ),
( 89, 'Loratadina', '10mg', 'Una vez al día' ),
( 90, 'Omeprazol', '20mg', 'Antes del desayuno' ),
( 90, 'Amoxicilina', '875mg', 'Cada 12 horas' ),
( 91, 'Diclofenaco', '50mg', 'Cada 8 horas' ),
( 92, 'Amoxicilina', '875mg', 'Cada 12 horas' ),
( 92, 'Vitamina C', '1g', 'Cada mañana' ),
( 92, 'Diclofenaco', '50mg', 'Cada 8 horas' ),
( 93, 'Paracetamol', '500mg', 'Cada 8 horas' ),
( 94, 'Metformina', '850mg', 'Cada 12 horas' ),
( 94, 'Omeprazol', '20mg', 'Antes del desayuno' ),
( 95, 'Loratadina', '10mg', 'Una vez al día' ),
( 96, 'Diclofenaco', '50mg', 'Cada 8 horas' ),
( 96, 'Omeprazol', '20mg', 'Antes del desayuno' ),
( 97, 'Metformina', '850mg', 'Cada 12 horas' ),
( 97, 'Paracetamol', '500mg', 'Cada 8 horas' ),
( 98, 'Ibuprofeno', '400mg', 'Cada 6 horas' ),
( 98, 'Loratadina', '10mg', 'Una vez al día' ),
( 98, 'Amoxicilina', '875mg', 'Cada 12 horas' ),
( 99, 'Enalapril', '5mg', 'Cada mañana' ),
( 100, 'Vitamina C', '1g', 'Cada mañana' );
-------------INSERTS FACTURA_MAESTRO------------
INSERT INTO factura_maestro (id_paciente, fecha_emision, total, id_cita) VALUES
( 1, '2025-05-12', 80.00, 1 ),
( 2, '2025-05-13', 70.00, 2 ),
( 3, '2025-05-14', 110.00, 3 ),
( 4, '2025-05-15', 70.00, 4 ),
( 5, '2025-05-16', 40.00, 5 ),
( 6, '2025-05-17', 40.00, 6 ),
( 7, '2025-05-18', 100.00, 7 ),
( 8, '2025-05-19', 260.00, 8 ),
( 9, '2025-05-20', 70.00, 9 ),
( 10, '2025-05-21', 125.00, 10 ),
( 11, '2025-05-22', 50.00, 11 ),
( 12, '2025-05-23', 130.00, 12 ),
( 13, '2025-05-24', 165.00, 13 ),
( 14, '2025-05-25', 260.00, 14 ),
( 15, '2025-05-26', 100.00, 15 ),
( 16, '2025-05-27', 350.00, 16 ),
( 17, '2025-05-28', 210.00, 17 ),
( 18, '2025-05-29', 110.00, 18 ),
( 19, '2025-05-30', 120.00, 19 ),
( 20, '2025-05-31', 165.00, 20 ),
( 21, '2025-06-01', 235.00, 21 ),
( 22, '2025-06-02', 210.00, 22 ),
( 23, '2025-06-03', 90.00, 23 ),
( 24, '2025-06-04', 250.00, 24 ),
( 25, '2025-06-05', 95.00, 25 ),
( 26, '2025-06-06', 80.00, 26 ),
( 27, '2025-06-07', 150.00, 27 ),
( 28, '2025-06-08', 70.00, 28 ),
( 29, '2025-06-09', 280.00, 29 ),
( 30, '2025-06-10', 110.00, 30 ),
( 31, '2025-06-11', 85.00, 31 ),
( 32, '2025-06-12', 100.00, 32 ),
( 33, '2025-06-13', 50.00, 33 ),
( 34, '2025-06-14', 120.00, 34 ),
( 35, '2025-06-15', 225.00, 35 ),
( 36, '2025-06-16', 270.00, 36 ),
( 37, '2025-06-17', 160.00, 37 ),
( 38, '2025-06-18', 80.00, 38 ),
( 39, '2025-06-19', 250.00, 39 ),
( 40, '2025-06-20', 220.00, 40 ),
( 41, '2025-06-21', 230.00, 41 ),
( 42, '2025-06-22', 215.00, 42 ),
( 43, '2025-06-23', 200.00, 43 ),
( 44, '2025-06-24', 95.00, 44 ),
( 45, '2025-06-25', 180.00, 45 ),
( 46, '2025-06-26', 180.00, 46 ),
( 47, '2025-06-27', 200.00, 47 ),
( 48, '2025-06-28', 40.00, 48 ),
( 49, '2025-06-29', 150.00, 49 ),
( 50, '2025-06-30', 245.00, 50 ),
( 51, '2025-07-01', 220.00, 51 ),
( 52, '2025-07-02', 210.00, 52 ),
( 53, '2025-07-03', 120.00, 53 ),
( 54, '2025-07-04', 270.00, 54 ),
( 55, '2025-07-05', 330.00, 55 ),
( 56, '2025-07-06', 190.00, 56 ),
( 57, '2025-07-07', 220.00, 57 ),
( 58, '2025-07-08', 250.00, 58 ),
( 59, '2025-07-09', 70.00, 59 ),
( 60, '2025-07-10', 85.00, 60 ),
( 61, '2025-07-11', 130.00, 61 ),
( 62, '2025-07-12', 270.00, 62 ),
( 63, '2025-07-13', 90.00, 63 ),
( 64, '2025-07-14', 170.00, 64 ),
( 65, '2025-07-15', 200.00, 65 ),
( 66, '2025-07-16', 150.00, 66 ),
( 67, '2025-07-17', 190.00, 67 ),
( 68, '2025-07-18', 110.00, 68 ),
( 69, '2025-07-19', 160.00, 69 ),
( 70, '2025-07-20', 125.00, 70 ),
( 71, '2025-07-21', 310.00, 71 ),
( 72, '2025-07-22', 90.00, 72 ),
( 73, '2025-07-23', 160.00, 73 ),
( 74, '2025-07-24', 110.00, 74 ),
( 75, '2025-07-25', 185.00, 75 ),
( 76, '2025-07-26', 100.00, 76 ),
( 77, '2025-07-27', 100.00, 77 ),
( 78, '2025-07-28', 80.00, 78 ),
( 79, '2025-07-29', 70.00, 79 ),
( 80, '2025-07-30', 100.00, 80 ),
( 81, '2025-07-31', 180.00, 81 ),
( 82, '2025-08-01', 195.00, 82 ),
( 83, '2025-08-02', 150.00, 83 ),
( 84, '2025-08-03', 175.00, 84 ),
( 85, '2025-08-04', 185.00, 85 ),
( 86, '2025-08-05', 180.00, 86 ),
( 87, '2025-08-06', 150.00, 87 ),
( 88, '2025-08-07', 190.00, 88 ),
( 89, '2025-08-08', 390.00, 89 ),
( 90, '2025-08-09', 310.00, 90 ),
( 91, '2025-08-10', 290.00, 91 ),
( 92, '2025-08-11', 280.00, 92 ),
( 93, '2025-08-12', 190.00, 93 ),
( 94, '2025-08-13', 150.00, 94 ),
( 95, '2025-08-14', 120.00, 95 ),
( 96, '2025-08-15', 170.00, 96 ),
( 97, '2025-08-16', 300.00, 97 ),
( 98, '2025-08-17', 180.00, 98 ),
( 99, '2025-08-18', 90.00, 99 ),
( 100, '2025-08-19', 160.00, 100 );
-------------INSERTS FACTURA_DETALLE------------
INSERT INTO factura_detalle (id_factura_maestro, descripcion, cantidad, precio_unitario) VALUES
( 1, 'Radiografía', 1, 80.00 ),
( 2, 'Limpieza dental', 1, 70.00 ),
( 3, 'Electrocardiograma', 1, 110.00 ),
( 4, 'Limpieza dental', 1, 70.00 ),
( 5, 'Control de presión', 1, 40.00 ),
( 6, 'Control de presión', 1, 40.00 ),
( 7, 'Consulta médica general', 1, 100.00 ),
( 8, 'Medicamento recetado', 2, 35.00 ),
( 8, 'Electrocardiograma', 1, 110.00 ),
( 8, 'Radiografía', 1, 80.00 ),
( 9, 'Limpieza dental', 1, 70.00 ),
( 10, 'Radiografía', 1, 80.00 ),
( 10, 'Vacunación', 1, 45.00 ),
( 11, 'Examen de sangre', 1, 50.00 ),
( 12, 'Radiografía', 1, 80.00 ),
( 12, 'Examen de sangre', 1, 50.00 ),
( 13, 'Vacunación', 1, 45.00 ),
( 13, 'Examen de sangre', 1, 50.00 ),
( 13, 'Medicamento recetado', 2, 35.00 ),
( 14, 'Radiografía', 1, 80.00 ),
( 14, 'Terapia física', 3, 60.00 ),
( 15, 'Consulta médica general', 1, 100.00 ),
( 16, 'Ultrasonido', 1, 90.00 ),
( 16, 'Radiografía', 1, 80.00 ),
( 16, 'Terapia física', 3, 60.00 ),
( 17, 'Control de presión', 1, 40.00 ),
( 17, 'Limpieza dental', 1, 70.00 ),
( 17, 'Consulta médica general', 1, 100.00 ),
( 18, 'Control de presión', 1, 40.00 ),
( 18, 'Limpieza dental', 1, 70.00 ),
( 19, 'Control de presión', 1, 40.00 ),
( 19, 'Radiografía', 1, 80.00 ),
( 20, 'Medicamento recetado', 2, 35.00 ),
( 20, 'Examen de sangre', 1, 50.00 ),
( 20, 'Vacunación', 1, 45.00 ),
( 21, 'Radiografía', 1, 80.00 ),
( 21, 'Electrocardiograma', 1, 110.00 ),
( 21, 'Vacunación', 1, 45.00 ),
( 22, 'Consulta médica general', 1, 100.00 ),
( 22, 'Electrocardiograma', 1, 110.00 ),
( 23, 'Ultrasonido', 1, 90.00 ),
( 24, 'Limpieza dental', 1, 70.00 ),
( 24, 'Terapia física', 3, 60.00 ),
( 25, 'Examen de sangre', 1, 50.00 ),
( 25, 'Vacunación', 1, 45.00 ),
( 26, 'Radiografía', 1, 80.00 ),
( 27, 'Radiografía', 1, 80.00 ),
( 27, 'Limpieza dental', 1, 70.00 ),
( 28, 'Limpieza dental', 1, 70.00 ),
( 29, 'Consulta médica general', 1, 100.00 ),
( 29, 'Terapia física', 3, 60.00 ),
( 30, 'Limpieza dental', 1, 70.00 ),
( 30, 'Control de presión', 1, 40.00 ),
( 31, 'Medicamento recetado', 2, 35.00 ),
( 32, 'Consulta médica general', 1, 100.00 ),
( 33, 'Radiografía', 1, 80.00 ),
( 33, 'Limpieza dental', 1, 70.00 ),
( 33, 'Examen de sangre', 1, 50.00 ),
( 34, 'Vacunación', 1, 45.00 ),
( 34, 'Examen de sangre', 1, 50.00 ),
( 35, 'Electrocardiograma', 1, 110.00 ),
( 35, 'Medicamento recetado', 2, 35.00 ),
( 36, 'Terapia física', 3, 60.00 ),
( 37, 'Medicamento recetado', 2, 35.00 ),
( 37, 'Control de presión', 1, 40.00 ),
( 37, 'Ultrasonido', 1, 90.00 ),
( 38, 'Control de presión', 1, 40.00 ),
( 39, 'Electrocardiograma', 1, 110.00 ),
( 39, 'Control de presión', 1, 40.00 ),
( 40, 'Ultrasonido', 1, 90.00 ),
( 40, 'Vacunación', 1, 45.00 ),
( 40, 'Electrocardiograma', 1, 110.00 ),
( 41, 'Examen de sangre', 1, 50.00 ),
( 41, 'Control de presión', 1, 40.00 ),
( 42, 'Limpieza dental', 1, 70.00 ),
( 42, 'Medicamento recetado', 2, 35.00 ),
( 42, 'Consulta médica general', 1, 100.00 ),
( 43, 'Ultrasonido', 1, 90.00 ),
( 43, 'Vacunación', 1, 45.00 ),
( 43, 'Control de presión', 1, 40.00 ),
( 44, 'Terapia física', 3, 60.00 ),
( 44, 'Control de presión', 1, 40.00 ),
( 45, 'Consulta médica general', 1, 100.00 ),
( 45, 'Electrocardiograma', 1, 110.00 ),
( 45, 'Limpieza dental', 1, 70.00 ),
( 46, 'Consulta médica general', 1, 100.00 ),
( 47, 'Consulta médica general', 1, 100.00 ),
( 47, 'Terapia física', 3, 60.00 ),
( 47, 'Examen de sangre', 1, 50.00 ),
( 48, 'Vacunación', 1, 45.00 ),
( 48, 'Ultrasonido', 1, 90.00 ),
( 49, 'Limpieza dental', 1, 70.00 ),
( 49, 'Examen de sangre', 1, 50.00 ),
( 50, 'Radiografía', 1, 80.00 ),
( 51, 'Terapia física', 3, 60.00 ),
( 51, 'Radiografía', 1, 80.00 ),
( 51, 'Ultrasonido', 1, 90.00 ),
( 52, 'Vacunación', 1, 45.00 ),
( 53, 'Radiografía', 1, 80.00 ),
( 54, 'Examen de sangre', 1, 50.00 ),
( 55, 'Vacunación', 1, 45.00 ),
( 56, 'Examen de sangre', 1, 50.00 ),
( 57, 'Radiografía', 1, 80.00 ),
( 58, 'Control de presión', 1, 40.00 ),
( 59, 'Control de presión', 1, 40.00 ),
( 59, 'Limpieza dental', 1, 70.00 ),
( 60, 'Medicamento recetado', 2, 35.00 ),
( 61, 'Electrocardiograma', 1, 110.00 ),
( 61, 'Medicamento recetado', 2, 35.00 ),
( 62, 'Consulta médica general', 1, 100.00 ),
( 62, 'Vacunación', 1, 45.00 ),
( 62, 'Control de presión', 1, 40.00 ),
( 63, 'Limpieza dental', 1, 70.00 ),
( 63, 'Examen de sangre', 1, 50.00 ),
( 63, 'Ultrasonido', 1, 90.00 ),
( 64, 'Electrocardiograma', 1, 110.00 ),
( 64, 'Radiografía', 1, 80.00 ),
( 65, 'Radiografía', 1, 80.00 ),
( 66, 'Electrocardiograma', 1, 110.00 ),
( 66, 'Medicamento recetado', 2, 35.00 ),
( 67, 'Limpieza dental', 1, 70.00 ),
( 67, 'Consulta médica general', 1, 100.00 ),
( 68, 'Terapia física', 3, 60.00 ),
( 69, 'Vacunación', 1, 45.00 ),
( 70, 'Limpieza dental', 1, 70.00 ),
( 71, 'Radiografía', 1, 80.00 ),
( 72, 'Consulta médica general', 1, 100.00 ),
( 72, 'Terapia física', 3, 60.00 ),
( 72, 'Radiografía', 1, 80.00 ),
( 73, 'Consulta médica general', 1, 100.00 ),
( 73, 'Ultrasonido', 1, 90.00 ),
( 74, 'Vacunación', 1, 45.00 ),
( 75, 'Terapia física', 3, 60.00 ),
( 75, 'Electrocardiograma', 1, 110.00 ),
( 76, 'Terapia física', 3, 60.00 ),
( 86, 'Radiografía', 1, 80.00 ),
( 87, 'Limpieza dental', 1, 70.00 ),
( 87, 'Terapia física', 3, 60.00 ),
( 88, 'Examen de sangre', 1, 50.00 ),
( 88, 'Control de presión', 1, 40.00 ),
( 88, 'Consulta médica general', 1, 100.00 ),
( 89, 'Consulta médica general', 1, 100.00 ),
( 89, 'Terapia física', 3, 60.00 ),
( 89, 'Electrocardiograma', 1, 110.00 ),
( 90, 'Examen de sangre', 1, 50.00 ),
( 90, 'Terapia física', 3, 60.00 ),
( 90, 'Radiografía', 1, 80.00 ),
( 91, 'Electrocardiograma', 1, 110.00 ),
( 91, 'Terapia física', 3, 60.00 ),
( 92, 'Consulta médica general', 1, 100.00 ),
( 92, 'Terapia física', 3, 60.00 ),
( 93, 'Control de presión', 1, 40.00 ),
( 93, 'Medicamento recetado', 2, 35.00 ),
( 93, 'Radiografía', 1, 80.00 ),
( 94, 'Electrocardiograma', 1, 110.00 ),
( 94, 'Control de presión', 1, 40.00 ),
( 95, 'Examen de sangre', 1, 50.00 ),
( 95, 'Medicamento recetado', 2, 35.00 ),
( 96, 'Ultrasonido', 1, 90.00 ),
( 96, 'Radiografía', 1, 80.00 ),
( 97, 'Electrocardiograma', 1, 110.00 ),
( 97, 'Ultrasonido', 1, 90.00 ),
( 97, 'Consulta médica general', 1, 100.00 ),
( 98, 'Terapia física', 3, 60.00 ),
( 99, 'Ultrasonido', 1, 90.00 ),
( 100, 'Ultrasonido', 1, 90.00 ),
( 100, 'Limpieza dental', 1, 70.00 );
